{
  "id": "2798379",
  "name": "integralMall",
  "font_family": "iconfont",
  "css_prefix_text": "icon-",
  "description": "积分兑换",
  "glyphs": [
    {
      "icon_id": "24224298",
      "name": "警告",
      "font_class": "jinggao",
      "unicode": "e626",
      "unicode_decimal": 58918
    },
    {
      "icon_id": "24224299",
      "name": "失败",
      "font_class": "shibai1",
      "unicode": "e627",
      "unicode_decimal": 58919
    },
    {
      "icon_id": "24224300",
      "name": "成功",
      "font_class": "chenggong1",
      "unicode": "e628",
      "unicode_decimal": 58920
    },
    {
      "icon_id": "24203599",
      "name": "lose",
      "font_class": "shibai",
      "unicode": "e623",
      "unicode_decimal": 58915
    },
    {
      "icon_id": "24203600",
      "name": "integral",
      "font_class": "a-31jifen",
      "unicode": "e624",
      "unicode_decimal": 58916
    },
    {
      "icon_id": "24203601",
      "name": "success",
      "font_class": "chenggong",
      "unicode": "e625",
      "unicode_decimal": 58917
    }
  ]
}
